Movie ,Year ,value,Release Date,Production Budget,Domestic Gross,Worldwide Gross
Avengers: Endgame,2019,Joe Russo,"Apr 23, 2019",400000000,858373000,2797800564
Avengers: Endgame,2019,Anthony Russo,"Apr 23, 2019",400000000,858373000,2797800564
Avatar,2009,James Cameron,"Dec 17, 2009",237000000,760507625,2788701337
Black Panther,2018,Ryan Coogler,"Feb 13, 2018",200000000,700059566,1346103376
Avengers: Infinity War,2018,Joe Russo,"Apr 25, 2018",300000000,678815482,2048359754
Frozen 4,2011,Chris Buck,"Nov 20, 2000",399937443,348392219,794161849
Inception 3,2011,Christopher Nolan,"Jun 20, 2022",399445013,664748760,974825690
Interstellar 3,2022,Christopher Nolan,"Jan 25, 2021",399246573,81657203,1230123612
Avengers 3,2004,Joss Whedon,"Dec 03, 2026",398972016,171975402,756433930
Inception 1,2001,Christopher Nolan,"Apr 16, 2005",398392238,625115989,1463312009
Black Panther 4,2018,Ryan Coogler,"Jan 12, 2016",398233170,530432571,1477017707
Frozen 3,2002,Chris Buck,"Nov 12, 2014",397945192,790337242,2076208867
Titanic 4,2014,James Cameron,"Nov 07, 2018",396756949,598410361,2522498518
Inception 1,2019,Christopher Nolan,"Apr 30, 1996",396443697,653907299,1773860490
Inception 4,2003,Christopher Nolan,"Mar 16, 2022",396067494,171374554,884408298
The Dark Knight 2,2016,Christopher Nolan,"May 16, 1996",395233579,590008942,1417721408
The Dark Knight 4,2005,Christopher Nolan,"Mar 09, 1995",395152631,898362655,1282050628
Avengers 1,2012,Anthony Russo,"Jan 07, 2008",395086328,270821141,1506496649
Joker 3,2014,Todd Phillips,"May 22, 2020",395078961,461281702,1733008554
Interstellar 2,2001,Christopher Nolan,"Jan 28, 2002",394891142,622592925,913571291
Interstellar 3,2005,Christopher Nolan,"Oct 18, 2025",394809124,735134436,1477608696
Joker 2,2013,Todd Phillips,"Jun 15, 2027",394765987,582001725,938711724
Avatar 2,2018,James Cameron,"Nov 09, 1996",394006531,659141899,1581772316
Avengers 3,2011,Joss Whedon,"May 20, 2020",393593109,70837119,1824161951
Joker 4,2015,Todd Phillips,"Apr 26, 1995",393544389,193868238,1104099623
Interstellar 2,2007,Christopher Nolan,"Jan 19, 2012",392845273,51117750,152381999
The Dark Knight 3,2014,Christopher Nolan,"Nov 21, 2025",392397026,149595004,1796713054
Joker 2,2018,Todd Phillips,"Jun 17, 1999",392258579,387458730,432256817
The Dark Knight 2,2023,Christopher Nolan,"Mar 11, 2016",392067842,558475828,2505821664
Interstellar 2,1999,Christopher Nolan,"Sep 02, 2023",392028311,757207470,1827213885
Toy Story 4,2020,John Lasseter,"Mar 29, 2012",391779160,341666596,1112838105
Inception 1,2012,Christopher Nolan,"Dec 13, 2003",391767120,187380069,2037762431
Joker 3,2012,Todd Phillips,"Aug 22, 2016",390273752,531306471,1772437381
Avengers 1,2005,Anthony Russo,"Sep 24, 2004",389841703,484763880,1300015578
Joker 4,2005,Todd Phillips,"May 28, 2015",389713779,797153024,2686741375
Avengers 2,2007, Joe Russo,"Dec 14, 2005",389624116,694085081,2489952123
Frozen 3,2018,Chris Buck,"Jul 01, 2023",389464396,658554148,1209808786
Titanic 1,2012,James Cameron,"Apr 01, 2005",389171064,64930108,1440493750
Joker 2,2011,Todd Phillips,"Nov 17, 2007",388308284,63949217,1442479178
Avatar 4,1995,James Cameron,"Jul 13, 2010",387732320,55940406,1851727996
Interstellar 1,2019,Christopher Nolan,"May 21, 1997",386815936,736830533,2009788360
Avatar 2,2000,James Cameron,"May 29, 2015",386407252,589538935,853161938
Toy Story 1,2014,Lee Unkrich,"Dec 05, 2005",386402357,684070935,994291667
The Dark Knight 4,2013,Christopher Nolan,"Jun 06, 2019",385671010,711886750,1983316084
Frozen 2,2004,Jennifer Lee,"Dec 27, 2015",385600141,755340386,2640579397
Interstellar 4,2017,Christopher Nolan,"Mar 01, 2005",385267984,565266219,2055581859
Toy Story 3,2013,Josh Cooley,"Nov 12, 2007",385263022,839626905,1805639355
Joker 4,1996,Todd Phillips,"Sep 01, 1998",385100983,75245530,1451392231
Inception 3,2015,Christopher Nolan,"Nov 11, 2020",384216719,163614225,1684574148
Inception 4,2013,Christopher Nolan,"Jan 26, 2005",383911633,687672949,2136830150
Avengers 3,2007,Joss Whedon,"May 16, 2010",382707905,184889265,771079357
Inception 3,2020,Christopher Nolan,"Sep 26, 2025",382612101,108803001,267566144
Joker 1,2022,Todd Phillips,"Apr 18, 2017",382116858,325209823,1595470991
Interstellar 2,2018,Christopher Nolan,"Mar 23, 2013",381755819,443595458,2075630436
Avatar 4,2004,James Cameron,"Jun 06, 2024",380974285,379845727,644985966
Titanic 1,2010,James Cameron,"Nov 08, 2027",379337407,873282446,1179168173
Joker 1,2024,Todd Phillips,"Jul 01, 2018",379281286,396803534,875351753
Toy Story 4,2006,John Lasseter,"Jan 15, 2007",379175181,304960393,1433194315
Titanic 4,2015,James Cameron,"Nov 15, 2007",378668769,200874503,838402518
The Dark Knight 1,2020,Christopher Nolan,"Apr 28, 2004",378595048,418708953,1566791248
Avatar 1,2007,James Cameron,"May 22, 2017",378559981,649950555,1097485691
The Dark Knight 3,2004,Christopher Nolan,"Mar 09, 2006",378424265,382283298,2112509978
Avatar 2,2012,James Cameron,"Aug 26, 1997",378068102,306214808,1173231562
Black Panther 4,2023,Ryan Coogler,"Jun 20, 2027",377915107,218416942,1652994474
Joker 4,2011,Todd Phillips,"Jul 20, 2011",377846952,332135196,657889394
Avengers 3,2024,Joss Whedon,"Jan 10, 2013",377809363,844925928,1446079335
Black Panther 4,2007,Ryan Coogler,"Jun 27, 1996",377521525,52581629,1265320865
Avengers 3,1998,Joss Whedon,"May 21, 2005",377365336,75862311,2072149780
Avengers 2,2008, Joe Russo,"Jul 29, 2003",377119417,449005094,665819920
Toy Story 1,2024,Lee Unkrich,"Dec 10, 2024",377090442,72621129,765194874
Black Panther 4,1999,Ryan Coogler,"Nov 29, 2019",377038457,76570904,529535778
Black Panther 4,2005,Ryan Coogler,"Dec 14, 1996",376814952,433903568,940101066
Joker 1,2011,Todd Phillips,"May 21, 2003",376793368,802164195,1004905784
Frozen 4,2012,Chris Buck,"Mar 09, 2013",376730940,854932968,2452510338
Avatar 4,1995,James Cameron,"Jan 20, 2009",376720668,676589666,785325778
Titanic 3,1998,James Cameron,"Jan 19, 2015",376569620,575409168,1106911111
Toy Story 3,2000,Josh Cooley,"Dec 02, 2024",376502685,243584249,544613853
Black Panther 4,2020,Ryan Coogler,"May 18, 2004",376167695,661026673,2230655917
Toy Story 4,1995,John Lasseter,"Aug 09, 2024",376118972,406809616,987073492
Avengers 2,2003, Joe Russo,"Apr 21, 1995",374649898,497451275,1483914096
Avatar 1,2017,James Cameron,"Nov 20, 2016",374573672,479525159,1590171354
Toy Story 4,2005,John Lasseter,"Jan 13, 1997",374237280,429229503,835222296
Interstellar 3,2012,Christopher Nolan,"Mar 08, 2022",373690551,797932443,960610487
The Dark Knight 3,2010,Christopher Nolan,"Oct 18, 1996",373424801,637388718,1925749419
Interstellar 2,2023,Christopher Nolan,"May 10, 2000",373239293,362613680,757253383
Toy Story 2,2002,Ash Brannon,"Sep 18, 2026",373096455,138620289,749000367
Titanic 2,2015,James Cameron,"May 18, 1999",372317269,808729306,2421248179
Toy Story 4,2018,John Lasseter,"Mar 08, 2006",372233495,788211163,1807099827
The Dark Knight 2,1998,Christopher Nolan,"Jul 21, 2005",372076071,246434176,749255428
Titanic 3,2012,James Cameron,"Jun 18, 2024",372032019,715018689,1591159923
Inception 2,2020,Christopher Nolan,"Jun 16, 2004",371918141,547802730,1133586314
Titanic 3,1999,James Cameron,"Dec 08, 2014",371881828,191502170,1765919519
Inception 2,2012,Christopher Nolan,"Jun 29, 2010",371830038,342647680,1107442519
Frozen 2,2020,Jennifer Lee,"Jul 10, 2014",371715813,117684273,1731158046
Interstellar 1,2012,Christopher Nolan,"Sep 27, 2024",371645723,353727190,872355700
Interstellar 1,2003,Christopher Nolan,"Apr 27, 2010",371289006,833393465,1883081510
Black Panther 3,2013,Ryan Coogler,"Jan 15, 2016",371262136,235433722,2140207124
Joker 1,2023,Todd Phillips,"Jul 03, 2006",370953534,296893513,2103591224
Joker 1,2021,Todd Phillips,"Jul 07, 2017",370767040,625390069,2579477397
Interstellar 1,2003,Christopher Nolan,"Jun 09, 2008",370021717,368078172,2198927480
Titanic 2,2003,James Cameron,"Mar 06, 2019",369955345,690121982,2627790698
Avatar 1,2024,James Cameron,"Apr 03, 2021",368831151,617536391,2411308652
Joker 1,2010,Todd Phillips,"Jul 30, 2011",368818939,306530135,736209739
Toy Story 2,2019,Ash Brannon,"Jun 26, 2023",368409221,891694766,2427880973
Inception 4,2006,Christopher Nolan,"May 11, 2012",368002307,298761063,332732961
Avatar 4,2008,James Cameron,"Feb 18, 2010",367141300,72328628,1255489431
Frozen 2,2009,Jennifer Lee,"Aug 09, 1996",366278157,332000939,1894990065
Frozen 1,2007,Jennifer Lee,"May 31, 2006",365989640,348375657,1053083043
Avatar 4,1998,James Cameron,"Jun 13, 2011",365406464,499891506,1367471034
Joker 1,1998,Todd Phillips,"Oct 20, 2008",365094965,735326432,751501343
Joker 3,2005,Todd Phillips,"Sep 12, 1995",364740215,492911865,1420700043
Toy Story 2,2015,Ash Brannon,"Jan 27, 2002",364139659,203333936,1467168709
Black Panther 2,2022,Ryan Coogler,"May 01, 2007",363866846,380030337,1181916374
Avengers 3,2005,Joss Whedon,"Nov 26, 2016",362765230,336021568,2228183439
Titanic 1,2013,James Cameron,"Apr 06, 2004",362069210,454610853,947672280
Interstellar 4,2006,Christopher Nolan,"Nov 30, 2018",361908543,120320487,1233440439
The Dark Knight 4,2019,Christopher Nolan,"Apr 07, 2003",359732810,606755077,2540457739
Interstellar 3,2004,Christopher Nolan,"Nov 07, 2022",359562281,764676351,2146946732
Titanic 1,2016,James Cameron,"Dec 03, 2024",359491380,55311134,1715628148
Toy Story 3,2004,Josh Cooley,"Jul 18, 2013",359318558,477031589,2193509945
Black Panther 4,2008,Ryan Coogler,"Apr 03, 2023",359013112,224441498,1058352350
Avatar 4,2012,James Cameron,"May 16, 2014",358942882,298208429,850692214
Avengers 3,2022,Joss Whedon,"Feb 21, 1996",358381393,513327888,1661381989
Avatar 4,2019,James Cameron,"May 10, 2027",357886150,823945302,2202856261
Avengers 3,2008,Joss Whedon,"Nov 26, 2022",357166429,77600668,1415745456
Black Panther 3,2012,Ryan Coogler,"Sep 17, 2006",357137092,110768156,301231599
Interstellar 1,2003,Christopher Nolan,"May 07, 1995",356928695,394843086,1181847134
Titanic 2,1996,James Cameron,"Aug 17, 2002",356637433,617307756,2141907033
Joker 4,2017,Todd Phillips,"Oct 03, 2017",355959850,611606859,786023258
The Dark Knight 1,1996,Christopher Nolan,"Mar 27, 2008",355847501,61777906,1991940282
Titanic 3,2003,James Cameron,"Aug 16, 2003",355232607,695077887,1540437373
Frozen 2,1996,Jennifer Lee,"Jan 31, 2014",354365363,242677237,2007261915
Titanic 4,2001,James Cameron,"Jun 04, 2001",354338377,867255076,2011564689
Frozen 3,1998,Chris Buck,"Feb 13, 2019",353256525,289043002,1401297163
Black Panther 3,2021,Ryan Coogler,"Jan 12, 2012",352763748,846187757,1346681165
Titanic 3,2016,James Cameron,"May 04, 2022",352101168,290449818,1789676338
Avengers 3,2003,Joss Whedon,"Sep 03, 2003",351959583,376180680,1504530936
Titanic 2,1997,James Cameron,"May 29, 2009",351670918,328886069,1327968276
The Dark Knight 4,2021,Christopher Nolan,"Oct 04, 2026",351487422,695188953,1511471645
The Dark Knight 3,2014,Christopher Nolan,"Dec 30, 2009",351337940,741183094,2091987362
Toy Story 1,2012,Lee Unkrich,"Aug 26, 2007",351224646,544388225,1242437897
Joker 3,2024,Todd Phillips,"Mar 05, 1999",350842550,622186873,2536928310
Titanic 2,2007,James Cameron,"Oct 21, 2006",350664129,737628940,2547913097
Avengers 3,2006,Joss Whedon,"Apr 19, 2019",350555553,397468906,1107202357
Avengers 2,2012, Joe Russo,"May 20, 2000",350140438,79625448,1622717184
Black Panther 3,2024,Ryan Coogler,"Jul 04, 2012",349356599,870887913,1409029237
Interstellar 3,2013,Christopher Nolan,"Oct 13, 2011",348428976,223545895,1160437430
Interstellar 3,2001,Christopher Nolan,"Jul 15, 1997",348213754,817872291,855506887
The Dark Knight 2,2018,Christopher Nolan,"Jan 01, 1995",347138969,159494738,1768493601
Interstellar 1,2008,Christopher Nolan,"Sep 02, 2010",346408192,764151093,1538746021
Avatar 1,2005,James Cameron,"Jun 27, 2026",346396549,766373852,1387761894
Toy Story 1,2006,Lee Unkrich,"Jul 13, 2019",346321915,434264145,1664999909
Interstellar 1,2014,Christopher Nolan,"Mar 07, 2025",345827110,189559025,1076078827
Inception 1,2018,Christopher Nolan,"Jul 07, 2000",345642667,835899387,2304104161
Avatar 4,2006,James Cameron,"Aug 26, 2021",344796517,360796860,2082648360
Interstellar 4,2015,Christopher Nolan,"Jan 31, 2011",344229875,284923844,2271102218
The Dark Knight 2,1998,Christopher Nolan,"Jan 06, 2014",343774072,579179783,2312539553
Avatar 3,1998,James Cameron,"Mar 26, 2021",342775744,526987847,1834766299
Joker 1,2014,Todd Phillips,"Jan 25, 1997",341610464,857919207,1536910066
Frozen 4,2004,Chris Buck,"Oct 29, 2020",341364009,657608113,2217241063
Titanic 4,2015,James Cameron,"Feb 23, 2003",340715363,898008758,1823713798
Frozen 3,2000,Chris Buck,"Nov 03, 2018",340319424,96894314,1957759973
Inception 1,2003,Christopher Nolan,"Dec 06, 2021",340187501,322609221,614675678
Avengers 3,1999,Joss Whedon,"Apr 16, 2017",339676087,580045505,1339769116
Titanic 2,2011,James Cameron,"Jan 13, 2002",339163402,659544217,1604011248
Frozen 4,2024,Chris Buck,"Jun 20, 2007",338672239,388022607,533574669
Black Panther 3,2006,Ryan Coogler,"Oct 13, 2022",338116522,116492215,377926977
Joker 1,2001,Todd Phillips,"Jan 21, 2024",337409270,398999455,1389589147
Black Panther 4,2022,Ryan Coogler,"Sep 07, 2016",337151104,600054327,918211274
Inception 4,2006,Christopher Nolan,"Nov 30, 2011",336768987,626395337,2421639996
Frozen 2,2010,Jennifer Lee,"Sep 22, 1999",336545070,818803434,926397030
The Dark Knight 2,2005,Christopher Nolan,"Jan 17, 1997",336072827,639012846,1285908101
Titanic 2,2024,James Cameron,"Mar 06, 2002",336018868,884766721,1043694685
Interstellar 3,2020,Christopher Nolan,"Sep 27, 2005",335978907,898667909,1968083866
Toy Story 2,2024,Ash Brannon,"Jun 25, 2009",335779693,402122418,1504411003
Frozen 4,2015,Chris Buck,"Nov 22, 2005",335413118,156066536,223497170
Avatar 1,2017,James Cameron,"Jul 01, 2020",334759065,536666682,1679445340
Titanic 3,2010,James Cameron,"Dec 20, 2012",334512207,715465277,2108617006
Titanic 2,2015,James Cameron,"Sep 28, 2018",334213844,625219777,1550650195
Avengers 1,2016,Anthony Russo,"May 03, 1998",334178010,74302020,1197201930
Toy Story 4,1998,John Lasseter,"Nov 19, 2010",334160907,727302819,1402792204
Joker 2,2022,Todd Phillips,"Aug 07, 2001",333859186,210940720,876041524
The Dark Knight 2,2014,Christopher Nolan,"Mar 16, 2026",333499821,780511310,1838613053
Titanic 2,1998,James Cameron,"May 22, 2009",333285836,699244801,1635348173
The Dark Knight 3,2006,Christopher Nolan,"Mar 27, 2016",332599035,179627140,1440905448
Inception 1,2024,Christopher Nolan,"Jul 08, 2006",332184949,440801898,1290537266
Avatar 3,2005,James Cameron,"Aug 21, 2012",331673469,898352741,1148313942
Avengers 1,2018,Anthony Russo,"Jul 02, 2010",331384916,103897616,1951256685
Titanic 4,2012,James Cameron,"Feb 23, 2015",330905491,70913908,1212939685
Joker 3,2002,Todd Phillips,"Dec 08, 1998",329862135,721856843,1093743429
Avatar 3,2011,James Cameron,"Aug 14, 2026",329002256,214735810,1314559134
Interstellar 3,2024,Christopher Nolan,"Aug 09, 2004",328514157,487118064,662908869
Frozen 4,2018,Chris Buck,"Jan 23, 2027",328190731,791563744,2769951712
Frozen 4,2012,Chris Buck,"Dec 13, 2016",327881219,581814411,2230027030
Avengers 2,2002, Joe Russo,"Aug 18, 2022",327545627,877936165,2182289304
Joker 2,2018,Todd Phillips,"Aug 12, 2012",326983214,524956058,2043750567
Frozen 2,2011,Jennifer Lee,"Mar 01, 2027",326731867,256218570,1327541724
The Dark Knight 2,2012,Christopher Nolan,"Nov 12, 2013",325756273,801584709,2652638352
Inception 2,2017,Christopher Nolan,"Jun 27, 2005",324421764,546375005,1402067245
Toy Story 4,1995,John Lasseter,"Nov 03, 1997",324271371,588154870,1618128973
Interstellar 3,2014,Christopher Nolan,"Mar 13, 2019",324047593,678286449,1203632229
Frozen 4,1995,Chris Buck,"Nov 24, 2014",323624927,229229779,1578093217
Titanic 1,2001,James Cameron,"Jun 29, 2015",323499713,198997872,1967288073
Joker 1,2016,Todd Phillips,"Nov 14, 2001",322770950,466738098,1909584962
Titanic 2,2012,James Cameron,"Feb 15, 2010",322275952,456738001,1082616034
Frozen 2,2014,Jennifer Lee,"May 14, 2007",322205917,753572626,1546359800
Black Panther 1,2008,Ryan Coogler,"Apr 24, 2022",321691289,86106026,950941875
Avatar 4,2021,James Cameron,"May 21, 1998",321559510,565522703,1473887443
Interstellar 1,2005,Christopher Nolan,"Oct 02, 2012",321558671,543787920,594482208
Frozen 4,2002,Chris Buck,"Nov 06, 2005",321466757,99312256,1918569863
Toy Story 4,2001,John Lasseter,"Jul 18, 2019",321276374,479482822,1961296913
Black Panther 2,2015,Ryan Coogler,"Jan 20, 2005",320533768,136258731,736350969
The Dark Knight 4,1996,Christopher Nolan,"Feb 13, 2022",320172780,331509157,384680703
Frozen 4,2002,Chris Buck,"Apr 27, 2025",319528665,605999967,944320664
Titanic 4,2024,James Cameron,"Jun 16, 1998",319126483,490870591,2186222462
The Dark Knight 3,1999,Christopher Nolan,"Sep 20, 2007",317441577,800619077,2719785919
Joker 2,2021,Todd Phillips,"Apr 05, 2027",317325378,791136223,1282287365
Toy Story 2,1998,Ash Brannon,"Jan 25, 2006",317224032,187040540,883157559
Avatar 2,2010,James Cameron,"Jun 30, 2015",317197804,535589648,2226218243
Toy Story 1,2011,Lee Unkrich,"Mar 09, 2000",317177009,566969097,812153452
Black Panther 3,1995,Ryan Coogler,"Nov 07, 2004",317054490,890058418,1180252868
Interstellar 2,2013,Christopher Nolan,"Sep 23, 2020",316762233,895789890,2218819458
Avatar 1,1995,James Cameron,"Jan 01, 2027",316546728,448796703,663967770
Frozen 4,2018,Chris Buck,"Jul 30, 2001",316216449,390974981,2027080307
Joker 2,1995,Todd Phillips,"Feb 28, 2021",315878432,323688544,2292544471
Black Panther 3,2007,Ryan Coogler,"Apr 29, 2007",315558570,417338984,1994196563
Joker 4,2013,Todd Phillips,"Nov 17, 2019",315333709,287755777,2258209272
Toy Story 1,2023,Lee Unkrich,"May 11, 2010",314964252,396092939,583407662
Frozen 1,2007,Jennifer Lee,"Aug 12, 2011",314728338,296471265,1899802939
Titanic 2,2017,James Cameron,"Apr 19, 2016",314607847,351842505,1659156004
The Dark Knight 3,1995,Christopher Nolan,"Nov 12, 2026",314505800,443025115,678354318
Avengers 2,2013, Joe Russo,"Oct 25, 2007",314208672,383857104,848778791
Joker 1,2023,Todd Phillips,"Mar 16, 2004",313851447,477751939,1288423817
Inception 2,1998,Christopher Nolan,"Oct 13, 2018",313552627,228228688,1075400437
Toy Story 4,2004,John Lasseter,"Mar 24, 2021",313461182,193340720,1784828438
Black Panther 4,2021,Ryan Coogler,"Apr 15, 2025",313454947,548430310,2534957614
Frozen 3,1997,Chris Buck,"Sep 02, 2016",313298750,225087093,290257871
Interstellar 4,2006,Christopher Nolan,"Mar 25, 1999",313236524,377850973,1919116278
Joker 3,2013,Todd Phillips,"Oct 26, 2006",313198203,752114514,1195537637
Avatar 2,1999,James Cameron,"Jan 18, 2010",312877350,95125317,544064392
The Dark Knight 4,2004,Christopher Nolan,"Jan 18, 1999",312652613,530652943,1324978748
Toy Story 3,2016,Josh Cooley,"Feb 13, 1999",312645051,488916231,1104993213
Interstellar 1,2015,Christopher Nolan,"Aug 02, 2004",312129498,363773575,1928155506
Avengers 2,2008, Joe Russo,"Nov 11, 1998",311439274,631710732,968379305
Avatar 2,2016,James Cameron,"Jul 03, 2020",309879878,738906106,2726234083
Inception 1,2024,Christopher Nolan,"Oct 23, 2022",309699954,560669489,1038754548
Frozen 2,2004,Jennifer Lee,"Jun 27, 2014",309019224,813130021,1101013537
Interstellar 3,2018,Christopher Nolan,"Jan 12, 1999",308806693,213243881,443293887
Black Panther 4,2004,Ryan Coogler,"May 14, 2017",306373237,691956468,945665284
Black Panther 4,2005,Ryan Coogler,"Jul 10, 2015",306143171,543039137,806916394
Titanic 2,2006,James Cameron,"Apr 27, 2005",305577717,823253328,1386933262
Interstellar 3,2006,Christopher Nolan,"Apr 10, 2026",305083074,601720379,968261631
Toy Story 2,2016,Ash Brannon,"Sep 23, 1999",305012529,285477275,931723549
Interstellar 4,2008,Christopher Nolan,"Jul 25, 2007",304682755,630265598,1577358663
Avatar 1,2009,James Cameron,"Jun 28, 2000",304595917,783960496,1170940839
Titanic 2,2001,James Cameron,"Mar 04, 2019",304444602,403229619,1388492501
Interstellar 1,2009,Christopher Nolan,"Dec 20, 1995",304179101,625413844,951459562
Joker 2,2014,Todd Phillips,"Jun 07, 2020",303977455,69895050,100411190
Frozen 4,2014,Chris Buck,"Mar 12, 2005",302793633,70698647,572517553
Black Panther 1,2011,Ryan Coogler,"Sep 24, 2003",302454135,182472127,1457319651
Inception 4,2010,Christopher Nolan,"Nov 01, 2001",302371601,753159464,2278886709
Titanic 4,2008,James Cameron,"Oct 17, 2003",301837434,324880288,1035258436
Titanic 3,2021,James Cameron,"Nov 11, 2013",301537077,181241812,1459859033
Toy Story 1,2016,Lee Unkrich,"Apr 19, 2024",300985616,569188945,1083033262
Black Panther 2,1996,Ryan Coogler,"Apr 28, 2001",300807420,387205450,1192812165
Inception 4,2005,Christopher Nolan,"May 04, 2006",300756819,259624770,1465998424
Inception 4,2005,Christopher Nolan,"Mar 25, 1999",300604490,848557097,1847346391
Avatar 3,2004,James Cameron,"Sep 02, 1997",300253067,385922857,2120825186
Avatar 2,1999,James Cameron,"Jul 25, 2002",300045892,593955531,2271172747
The Dark Knight 2,1995,Christopher Nolan,"Mar 06, 2015",299832443,474454860,2452917375
Avatar 1,2002,James Cameron,"May 14, 2011",299652835,667390309,1867219868
Avatar 1,2011,James Cameron,"Nov 12, 2009",299465943,444790349,1996262861
Joker 3,2021,Todd Phillips,"May 25, 1998",299453624,515611864,1759495357
Black Panther 3,2000,Ryan Coogler,"Feb 05, 2002",299152924,391134191,2314885449
Inception 1,1997,Christopher Nolan,"Jan 11, 2017",299099679,558128393,1906972819
Interstellar 3,2024,Christopher Nolan,"Dec 09, 1995",298124280,381160931,531990123
Interstellar 3,1998,Christopher Nolan,"Jan 26, 2001",298025038,152690806,2014694114
Avengers: Endgame,2015,Joss Whedon,"Nov 12, 2008",297958847,787503140,2367384697
Titanic 1,1996,James Cameron,"Apr 13, 2001",297672949,168379825,1960225293
Toy Story 2,2017,Ash Brannon,"Sep 12, 2024",297634521,159853112,1360567195
Avatar 2,2022,James Cameron,"Jan 18, 2007",297602940,82767541,446323624
Black Panther 4,2002,Ryan Coogler,"Nov 14, 2009",297552857,239599537,368084400
Toy Story 4,2000,John Lasseter,"Feb 08, 2027",297192688,857948049,2305063101
Interstellar 2,2017,Christopher Nolan,"May 07, 2008",297152429,797690050,2608906370
Black Panther 4,2008,Ryan Coogler,"May 15, 1995",297011280,567288010,931323926
Toy Story 3,2011,Josh Cooley,"May 29, 2020",296881904,408645603,2236756197
Avengers: Endgame,2018,Joss Whedon,"Mar 23, 2004",296797573,268354928,729746858
The Dark Knight 2,1996,Christopher Nolan,"May 12, 2006",296651158,368366427,1272932480
Inception 2,2011,Christopher Nolan,"Jul 31, 2002",296400216,360211448,1194409217
Avengers: Endgame,2010,Joss Whedon,"Feb 16, 2006",294440097,850643937,971897569
Black Panther 1,2017,Ryan Coogler,"Apr 25, 2010",294366440,101675843,1946977833
Frozen 3,2013,Chris Buck,"Jan 29, 2022",294336650,288697182,760521085
Inception 1,2015,Christopher Nolan,"Oct 15, 2003",294057454,74546061,1938361713
Frozen 3,1998,Chris Buck,"Jul 08, 2020",293691605,314860364,787558383
Joker 4,2013,Todd Phillips,"Mar 28, 1999",292758026,431592126,859474232
Inception 2,1995,Christopher Nolan,"Sep 12, 1998",292432168,565643019,2389513703
Interstellar 3,2001,Christopher Nolan,"Jun 11, 1999",292121033,589008661,2056637535
Black Panther 4,2017,Ryan Coogler,"Dec 29, 2013",291577876,332168146,1576187809
Interstellar 1,2009,Christopher Nolan,"Oct 15, 2027",291155893,533170954,1139891785
Joker 4,2014,Todd Phillips,"Aug 29, 2018",291067060,373304299,1152445960
Frozen 4,2006,Chris Buck,"Jun 19, 2014",290742112,837573788,1943337745
Avengers 1,2024,Anthony Russo,"Jan 02, 2010",290427345,89776137,1491352885
Avengers 2,2012, Joe Russo,"Dec 06, 2008",290339919,266976329,521020699
Interstellar 1,2012,Christopher Nolan,"Jun 08, 2010",290249242,65747609,863931975
Interstellar 4,2012,Christopher Nolan,"May 20, 2003",290077168,529846402,2298127943
Interstellar 1,1996,Christopher Nolan,"May 03, 2001",289669406,769443130,1911839278
Joker 1,2006,Todd Phillips,"Jan 05, 2020",289646002,687279749,1363269986
Joker 1,2006,Todd Phillips,"Apr 29, 2009",288585064,894844343,2494693456
Interstellar 4,2017,Christopher Nolan,"Nov 10, 2026",288403473,64308942,1428154194
The Dark Knight 4,1999,Christopher Nolan,"Apr 15, 2024",288327281,867467516,1810374642
The Dark Knight 2,2008,Christopher Nolan,"May 13, 2006",288282364,498248130,1328317282
Inception 2,2002,Christopher Nolan,"May 30, 2025",288135373,253172365,1267752279
Avatar 4,2022,James Cameron,"Mar 27, 2014",288019286,113967054,897684804
Joker 4,1997,Todd Phillips,"Nov 06, 2020",287557204,266887064,327089261
Inception 3,1997,Christopher Nolan,"May 16, 2008",287455979,191309388,1622092082
Interstellar 3,2011,Christopher Nolan,"Jul 15, 2006",286152810,713839523,1454531783
Inception 3,2001,Christopher Nolan,"Mar 21, 2005",286064938,708182554,815690457
Inception 4,2002,Christopher Nolan,"Mar 15, 2011",285551897,84944281,490320085
The Dark Knight 4,2021,Christopher Nolan,"Jun 24, 2007",284103489,349109053,531557572
Avengers 2,2008, Joe Russo,"Oct 09, 2003",284043283,279719839,1460564600
Frozen 3,2004,Chris Buck,"Sep 17, 2023",283885046,326564080,1155484247
Interstellar 1,2016,Christopher Nolan,"Mar 14, 2027",283795820,252175579,837276032
Titanic 4,2020,James Cameron,"Jun 09, 1997",283110736,721201350,1972884701
The Dark Knight 4,2016,Christopher Nolan,"Jan 05, 2021",283034688,780001396,2163204687
Joker 3,1995,Todd Phillips,"Feb 28, 2023",282583250,831259071,2071580633
The Dark Knight 4,2023,Christopher Nolan,"Nov 01, 2006",282504652,774041920,879844753
Avengers 2,2010, Joe Russo,"Nov 07, 1999",281723550,631465041,2059447101
Toy Story 1,2005,Lee Unkrich,"Dec 20, 2001",281489978,233449379,529892186
Avatar 1,2009,James Cameron,"Mar 15, 2003",281052679,152432376,1259035806
Interstellar 2,2010,Christopher Nolan,"Mar 09, 2003",280859683,859577517,2099017914
Inception 2,2003,Christopher Nolan,"Aug 07, 1997",280806510,210085257,805763580
Black Panther 4,2002,Ryan Coogler,"Dec 27, 2010",280800690,629608710,1739425103
Toy Story 3,2008,Josh Cooley,"Nov 12, 2009",280765865,377114986,2188964461
Toy Story 1,2018,Lee Unkrich,"Feb 20, 2016",280163507,56070244,1336004850
Inception 3,2009,Christopher Nolan,"Feb 01, 2012",280055387,170336541,1702691557
The Dark Knight 3,1996,Christopher Nolan,"Jul 22, 2023",279731903,95334250,453319899
Frozen 4,2015,Chris Buck,"Nov 14, 2009",279216423,429865219,614546702
Frozen 4,2017,Chris Buck,"Dec 26, 2011",278828578,621137576,956362574
Inception 4,2002,Christopher Nolan,"Feb 23, 2009",278391117,673306237,2593840790
Titanic 1,2005,James Cameron,"Mar 23, 2010",277018744,745519416,1760944782
Avengers 3,1997,Joss Whedon,"Apr 16, 2016",276830778,690789377,921990334
Toy Story 1,2004,Lee Unkrich,"Apr 14, 2027",276162518,315624484,2303567899
Frozen 3,2018,Chris Buck,"Aug 05, 2006",276088909,687357680,708871871
Toy Story 1,2011,Lee Unkrich,"Jul 18, 2027",276047192,802188251,2661438957
Toy Story 2,2012,Ash Brannon,"Aug 31, 2000",275446218,690023598,2420373823
Toy Story 1,2023,Lee Unkrich,"Sep 12, 2014",275265786,664104539,2175003823
Joker 2,2012,Todd Phillips,"Oct 31, 2002",274162652,609848781,1989444828
The Dark Knight 1,2004,Christopher Nolan,"Jan 11, 2004",274022979,288461234,780581185
The Dark Knight 2,2002,Christopher Nolan,"Mar 29, 2015",273008444,280708467,2137037745
Frozen 4,2009,Chris Buck,"May 04, 2025",272836700,860140314,2424172209
Avatar 4,2020,James Cameron,"Sep 28, 2013",272135372,57675101,659808912
Frozen 3,2004,Chris Buck,"Apr 18, 2004",272110479,781878899,2060065798
Interstellar 2,2018,Christopher Nolan,"May 31, 2010",271740238,128679992,1281847292
Inception 2,2020,Christopher Nolan,"Oct 20, 2002",271660311,784796705,1321238041
Titanic 4,2024,James Cameron,"Aug 28, 1998",270634140,796518792,1487279250
The Dark Knight 3,2020,Christopher Nolan,"Nov 15, 2008",269966627,228798873,2025903218
Black Panther 4,2016,Ryan Coogler,"Mar 27, 2012",269899217,291030605,511591474
Joker 2,2015,Todd Phillips,"Apr 07, 2014",269406841,800135942,1215385238
The Dark Knight 4,2021,Christopher Nolan,"Oct 15, 2004",267806961,843121946,1670154378
Titanic 4,2009,James Cameron,"Jun 20, 2018",267566582,231266521,2018433336
Toy Story 2,2007,Ash Brannon,"May 22, 2014",267530269,228496244,331358011
Avengers 1,2005,Anthony Russo,"Sep 05, 2013",267471999,632616635,1245967982
The Dark Knight 4,2019,Christopher Nolan,"May 23, 2004",266758319,459364969,858065867
The Dark Knight 3,2010,Christopher Nolan,"Dec 05, 2016",266674770,581980041,1624530542
Titanic 2,2011,James Cameron,"Mar 04, 2021",266423843,728437541,1060560040
Avatar 3,2020,James Cameron,"Oct 02, 2007",266180396,59840208,1598699793
Avatar 3,2009,James Cameron,"Apr 07, 2015",265855844,141717859,1986813451
Frozen 4,2002,Chris Buck,"Feb 04, 2001",265548049,524069360,2013706448
Joker 3,1997,Todd Phillips,"Nov 28, 2002",265439773,183438414,1047086425
Joker 3,2022,Todd Phillips,"May 17, 2015",264932653,521851630,1760296245
Titanic 2,1998,James Cameron,"Jan 03, 1997",263636199,519970681,753415148
Frozen 3,2000,Chris Buck,"Jan 24, 2015",263629609,165417175,899198431
Avengers 3,2006,Joss Whedon,"Oct 26, 2025",263201827,605894795,975218562
Inception 4,2009,Christopher Nolan,"Apr 04, 2013",262597892,444121195,1105351179
Interstellar 3,2019,Christopher Nolan,"Feb 07, 2027",262410329,622259993,1312753559
Avatar 3,2021,James Cameron,"Sep 10, 2026",261002957,423562637,514356768
Avatar 4,2018,James Cameron,"May 20, 2018",260892976,77837942,1026971125
Joker 1,2023,Todd Phillips,"Dec 08, 2010",259593645,311185816,1744404638
Titanic 1,2001,James Cameron,"Jun 10, 2014",258912919,863596005,1509801029
Titanic 3,2001,James Cameron,"Sep 18, 2020",258557034,582722995,1432073216
The Dark Knight 2,1999,Christopher Nolan,"Jan 17, 2004",258163512,838043495,851379816
Interstellar 4,2005,Christopher Nolan,"Oct 22, 2023",257513880,828069176,1865108735
Toy Story 4,2019,John Lasseter,"Mar 12, 2008",257396811,309057113,1709563299
Avengers 3,1998,Joss Whedon,"May 26, 2014",256926478,135031353,718918447
Frozen 3,2015,Chris Buck,"Oct 30, 2017",255819481,253621059,1621453040
Titanic 2,2021,James Cameron,"Aug 05, 2017",255259145,752530361,1657892558
The Dark Knight 2,2004,Christopher Nolan,"May 12, 2024",253877685,352894527,1301918204
Titanic 3,2002,James Cameron,"Dec 14, 2000",253813608,722817160,1414992629
Avatar 3,2019,James Cameron,"Apr 27, 2004",253151775,92359794,1190994597
Toy Story 2,2019,Ash Brannon,"May 30, 2001",252268963,257193964,1398660852
Avengers 2,2019, Joe Russo,"Jan 04, 2025",252076230,512421867,557806262
Titanic 4,2013,James Cameron,"Jul 24, 2020",251734146,785754570,1338249765
Frozen 1,2000,Jennifer Lee,"Oct 13, 2027",251376726,846872968,1664805809
Joker 1,1998,Todd Phillips,"Jun 29, 2025",251217223,341934229,1737884393
Joker 4,2013,Todd Phillips,"May 17, 2027",250970035,200822658,1900559844
Frozen 3,2018,Chris Buck,"Dec 08, 2001",250678782,163969168,1881037896
Toy Story 3,2001,Josh Cooley,"May 05, 2001",250208180,91005761,364851090
Toy Story 3,2005,Josh Cooley,"Nov 07, 2003",249764705,554330625,1510671097
Toy Story 3,2019,Josh Cooley,"Nov 14, 2004",248793393,737682666,1089730798
Titanic 1,2010,James Cameron,"Sep 06, 2012",248211439,723218612,2202393485
Avatar 4,1995,James Cameron,"Feb 26, 2013",248158489,99482136,276920466
Frozen 2,1995,Jennifer Lee,"Nov 05, 2026",247691802,457007087,1169783837
Joker 2,2018,Todd Phillips,"Jan 29, 2027",247657316,473015520,700429592
Avatar 3,2019,James Cameron,"Sep 23, 2013",247180974,808067947,2522338039
Toy Story 1,2019,Lee Unkrich,"Mar 09, 2008",246406761,101798517,1731456275
Toy Story 3,2016,Josh Cooley,"Oct 03, 2007",246139358,544151802,2100337575
Avengers 1,2020,Anthony Russo,"Sep 04, 2008",245411087,762151779,1308396796
Frozen 1,1996,Jennifer Lee,"Nov 01, 2005",245023125,244076108,1496890114
Avengers 1,1999,Anthony Russo,"Sep 16, 2011",243618083,770157657,1135463672
Toy Story 1,2021,Lee Unkrich,"Nov 01, 2011",243606895,437088518,1767297473
The Dark Knight 1,2022,Christopher Nolan,"Jul 13, 2018",243524342,854167936,914207032
Titanic 1,1995,James Cameron,"Jul 09, 2025",243309137,724791721,1312427284
Avatar 1,2018,James Cameron,"Jun 25, 2008",243218736,263727600,1174801041
Avatar 4,2000,James Cameron,"Jul 11, 2000",243101299,796962967,1115068072
Black Panther 4,2010,Ryan Coogler,"Sep 09, 2011",242430692,894293377,1627333941
Black Panther 1,2004,Ryan Coogler,"Jun 16, 2019",242396793,607683775,1115290914
Toy Story 1,2017,Lee Unkrich,"Aug 22, 2019",241933336,275401346,753005953
Frozen 3,2014,Chris Buck,"Apr 27, 2022",241911330,247400960,363645819
Black Panther 2,2004,Ryan Coogler,"Jan 31, 2001",241700118,673320643,1602814570
Frozen 4,2004,Chris Buck,"Jan 28, 2011",240790510,667656412,1580389544
Avengers 2,2009, Joe Russo,"Sep 08, 2015",240613978,625047680,963282916
Avatar 1,1995,James Cameron,"Nov 12, 2026",240274482,112043938,1281518519
Avatar 1,2008,James Cameron,"Aug 28, 2000",240019169,646764350,1908355313
Joker 2,2003,Todd Phillips,"Jul 26, 2014",238315984,347186241,512851749
Black Panther 4,2007,Ryan Coogler,"Jul 21, 1997",238305384,869616075,2213464374
The Dark Knight 2,1998,Christopher Nolan,"Dec 25, 2013",238221986,619718353,1290129967
Joker 1,2004,Todd Phillips,"Nov 12, 1997",237394655,889606000,1193492119
Frozen 4,2004,Chris Buck,"May 15, 2018",237335966,506341866,1954749129
Interstellar 3,2002,Christopher Nolan,"Oct 28, 2018",237312555,206548860,907344460
Avatar,2009,James Cameron,"Dec 17, 2009",237000000,760507625,2788701337
Avatar,2009,James Cameron,"Dec 17, 2009",237000000,760507625,2788701337
Frozen 3,2017,Chris Buck,"May 25, 2006",236423263,417972244,2207301813
Avengers 3,2019,Joss Whedon,"Oct 13, 2004",236270594,68510243,572139578
Inception 2,2005,Christopher Nolan,"Dec 31, 2009",235309864,323179840,614458062
Titanic 4,2022,James Cameron,"Jul 12, 2017",235077184,86234702,1533655831
Avatar 3,2024,James Cameron,"Apr 15, 2008",234819015,773288829,1147406474
Inception 4,1995,Christopher Nolan,"Oct 24, 2006",234711581,654163161,2124286040
Titanic 2,2007,James Cameron,"Mar 28, 2015",234352974,423185197,960889964
Interstellar 3,2024,Christopher Nolan,"Mar 22, 2006",234074481,890228473,2559989509
Frozen 4,2022,Chris Buck,"Apr 18, 2024",233861193,452902640,1189948590
Black Panther 2,1995,Ryan Coogler,"Sep 13, 2007",233806399,360692757,1383174344
Avatar 3,1999,James Cameron,"Nov 09, 2010",233796566,76718807,1984535933
Avatar 2,1996,James Cameron,"Mar 10, 1996",233501733,656841844,1136190547
Toy Story 1,2015,Lee Unkrich,"Feb 11, 2019",233266161,759269704,1735146077
Frozen 2,2006,Jennifer Lee,"Jul 02, 2010",232740694,101570575,1322716370
The Dark Knight 3,2008,Christopher Nolan,"Apr 26, 1999",232284624,402589057,743431366
Inception 3,2007,Christopher Nolan,"Sep 02, 2015",231672105,456411403,2087669743
Avengers 2,2013, Joe Russo,"May 25, 1996",231306557,778208717,826553729
Black Panther 2,2015,Ryan Coogler,"Apr 18, 1995",230945715,834867499,1894395097
Joker 3,1999,Todd Phillips,"Feb 11, 2009",230524306,646522848,1237470892
Avatar 1,2024,James Cameron,"Oct 06, 1995",230280468,469403698,1758218901
Joker 4,2015,Todd Phillips,"Sep 04, 2008",230088707,887557245,2601019908
Avatar 3,2007,James Cameron,"Nov 14, 2015",230084456,680608384,2553677166
Frozen 1,2009,Jennifer Lee,"Oct 09, 2017",229406834,696766506,1197797617
Toy Story 3,2019,Josh Cooley,"Feb 11, 1999",228721070,443267366,1047117885
Black Panther 4,2021,Ryan Coogler,"Jan 03, 1998",228462920,530771767,940132190
Black Panther 2,2001,Ryan Coogler,"Aug 18, 2017",228175995,606805676,1033541952
Inception 3,2021,Christopher Nolan,"Mar 20, 2004",227721249,253601809,348687470
Avengers 1,2019,Anthony Russo,"Dec 30, 2020",227307794,810225395,1190784240
Interstellar 1,2003,Christopher Nolan,"May 28, 2015",226793689,661219887,726942746
Toy Story 3,2003,Josh Cooley,"Mar 26, 2002",226711416,657791111,804255697
Inception 3,2009,Christopher Nolan,"Nov 04, 2016",226611100,221372339,1804672110
Black Panther 2,2022,Ryan Coogler,"Jul 15, 2021",226139437,710835466,1139413587
The Dark Knight 4,2010,Christopher Nolan,"Jul 07, 2017",225909687,202009852,1979027341
Joker 3,2014,Todd Phillips,"Oct 20, 2002",225868077,280381003,342825502
Black Panther 2,2012,Ryan Coogler,"Mar 14, 2026",225644669,500107545,1535234294
The Dark Knight 3,2011,Christopher Nolan,"Aug 11, 2026",225172526,512392420,1488360371
Black Panther 3,1998,Ryan Coogler,"Jul 25, 2022",224809583,543765717,2429687855
Interstellar 3,2024,Christopher Nolan,"May 23, 1995",224781630,708646201,1939894176
Interstellar 3,2004,Christopher Nolan,"Nov 27, 2010",224754543,105966858,1029453758
Titanic 2,2008,James Cameron,"Dec 23, 1995",224540019,631204966,1433576359
Toy Story 2,2008,Ash Brannon,"Jun 01, 2007",224474840,746298708,1940681406
Interstellar 3,2012,Christopher Nolan,"Oct 15, 2003",224409163,64046692,1212872196
Black Panther 1,2004,Ryan Coogler,"Aug 19, 2019",224192342,592479997,1752534423
The Dark Knight 2,2022,Christopher Nolan,"Apr 03, 1999",224163493,837574216,1044212276
Titanic 3,2018,James Cameron,"Oct 17, 2000",224160888,853927216,2235065030
Interstellar 1,2001,Christopher Nolan,"Dec 29, 2005",224113436,265075999,1711334831
Black Panther 4,2009,Ryan Coogler,"Aug 14, 2008",223779408,195101431,1479815656
Interstellar 1,2001,Christopher Nolan,"Nov 08, 2007",223734217,520128057,2074169453
Avatar 4,2021,James Cameron,"Nov 16, 2023",223410772,837952126,1526978810
Frozen 1,2016,Jennifer Lee,"Apr 30, 2018",223385852,661447256,2094410454
Toy Story 1,2017,Lee Unkrich,"Mar 12, 2020",223066912,602225538,1991665450
Interstellar 3,2009,Christopher Nolan,"Dec 27, 2019",222903703,809188184,2725836253
Interstellar 1,1999,Christopher Nolan,"Mar 25, 2025",222689803,309136304,1434718038
Toy Story 4,2005,John Lasseter,"Jun 21, 2025",222545188,740004102,903592128
Inception 2,2016,Christopher Nolan,"Feb 09, 2011",222310754,107402097,1725442909
Avatar 3,2012,James Cameron,"Sep 04, 2004",221162571,183929928,1750743265
The Dark Knight 1,1998,Christopher Nolan,"May 21, 1996",221015532,509802075,2035816773
Joker 2,2001,Todd Phillips,"Jun 24, 2006",220990619,150413979,2001514726
Titanic 1,2004,James Cameron,"Apr 02, 2027",219867329,156206633,820560569
Avatar 3,2006,James Cameron,"Dec 03, 2010",219202247,424671422,1572755783
The Dark Knight 2,2017,Christopher Nolan,"Aug 21, 1999",219151795,662958925,1548919868
Interstellar 4,2018,Christopher Nolan,"Sep 02, 2022",218681926,453199709,1140799486
Titanic 4,2021,James Cameron,"Oct 25, 2020",218252050,342845811,1376955664
Black Panther 4,2019,Ryan Coogler,"Jan 15, 2008",216080410,587808099,1593189225
Toy Story 1,2009,Lee Unkrich,"Nov 24, 2014",215604944,769898733,1731900259
Titanic 1,2020,James Cameron,"Apr 08, 2003",214914734,500518434,669863356
The Dark Knight 2,2014,Christopher Nolan,"Jul 01, 1995",214852561,647804047,1596183108
Avatar 2,2023,James Cameron,"Mar 20, 2003",214345396,357696569,1839450754
Joker 4,2017,Todd Phillips,"Feb 23, 2018",214281422,535513436,1746624851
Joker 2,2019,Todd Phillips,"Dec 17, 2009",213845542,539766427,1164365845
Toy Story 1,2015,Lee Unkrich,"Sep 05, 2019",213799131,405915413,1939728547
Interstellar 3,2018,Christopher Nolan,"Aug 21, 2008",213345835,715275439,2260920587
Avengers 2,1998, Joe Russo,"Nov 21, 2009",212430595,697779919,1057683635
Frozen 2,2004,Jennifer Lee,"Aug 27, 2008",212147415,323388933,1738090318
Interstellar 2,2009,Christopher Nolan,"Feb 10, 1999",212040411,306087177,1835098348
Frozen 3,2015,Chris Buck,"Jun 07, 1997",212033827,790121342,2170666100
Frozen 2,1998,Jennifer Lee,"Dec 02, 2009",211986058,801741274,1549497521
Joker 3,2006,Todd Phillips,"Jan 27, 2003",211922299,185338750,1322442455
Toy Story 4,1995,John Lasseter,"Sep 30, 2000",211432724,752457212,2673926884
Avengers 3,2016,Joss Whedon,"Mar 10, 2010",211270941,455190295,1083468883
Titanic 4,2017,James Cameron,"Jul 14, 2011",210570175,328736885,2117581069
Interstellar 1,2011,Christopher Nolan,"Mar 07, 2003",210435096,634311810,2363475685
Frozen 4,2011,Chris Buck,"Feb 07, 2018",210015973,218579665,710039054
Joker 3,2005,Todd Phillips,"Apr 26, 2013",209816101,224838744,1144464056
The Dark Knight 2,2014,Christopher Nolan,"Aug 14, 2002",209409737,627748345,1186337381
Toy Story 1,2006,Lee Unkrich,"Feb 14, 1996",209310912,145638616,226369349
Toy Story 3,2015,Josh Cooley,"Feb 03, 2008",209033049,269181502,1797047286
Avengers 1,2004,Anthony Russo,"Nov 30, 2010",208590425,327724939,2241447583
Avengers 1,2004,Anthony Russo,"Nov 26, 2023",208211268,287866138,2159202900
Toy Story 2,2013,Ash Brannon,"Feb 15, 1996",208055313,621899269,1194163877
Avengers 2,1999, Joe Russo,"Jul 13, 1998",207325487,749957516,1312444916
Avatar 2,2015,James Cameron,"Jan 05, 2009",207028848,157635009,855317072
Titanic 2,2022,James Cameron,"Oct 29, 1999",206557079,375757789,1210570441
Avatar 3,2018,James Cameron,"Nov 30, 1999",205821952,57096705,1072505866
Inception 2,2019,Christopher Nolan,"Aug 06, 2016",205289593,661255538,2410480086
Toy Story 1,2018,Lee Unkrich,"Nov 02, 2020",205029068,745310629,1684947573
Inception 4,2018,Christopher Nolan,"Jan 12, 2018",204871905,863823256,1290986238
Avengers 2,2011, Joe Russo,"Jun 05, 2001",204433410,440000849,2436531024
Avatar 1,2003,James Cameron,"Aug 19, 2019",204431028,345527722,1493726608
Avatar 1,1998,James Cameron,"May 12, 2023",203824270,797182504,1442282726
The Dark Knight 2,2006,Christopher Nolan,"Aug 29, 2019",203668722,808547426,1898579463
Frozen 3,2008,Chris Buck,"Aug 20, 2017",203535104,781626938,2414803811
Titanic 2,2007,James Cameron,"May 04, 2005",202906733,572042716,1491994893
Frozen 2,2023,Jennifer Lee,"Nov 08, 1996",202889326,265989052,937328037
Joker 3,2023,Todd Phillips,"Jan 07, 2006",202502057,184009918,2160632581
Titanic 2,2008,James Cameron,"Dec 13, 1998",202207662,702445680,2248914728
Joker 1,1998,Todd Phillips,"Jan 07, 2023",201945293,712436098,2286140319
Joker 4,2006,Todd Phillips,"Oct 09, 1995",200912131,150969000,1169846474
Black Panther 4,2009,Ryan Coogler,"Sep 10, 2021",200367611,220830306,472330824
Black Panther 2,2016,Ryan Coogler,"Jun 05, 2019",200072359,277819746,2205232922
Titanic,1997,James Cameron,"Dec 18, 1997",200000000,659363944,2208208395
Black Panther 4,2021,Ryan Coogler,"Jul 19, 2018",199927247,282816042,617388151
Avatar 4,2009,James Cameron,"May 09, 2024",199821062,383594053,956888600
The Dark Knight 1,2013,Christopher Nolan,"May 05, 2014",199700286,318180618,1969355990
Inception 2,2013,Christopher Nolan,"Sep 28, 1998",199511772,86236735,1369517466
Joker 1,2005,Todd Phillips,"Feb 04, 2005",199350644,410274903,542793520
Interstellar 2,2000,Christopher Nolan,"Jun 09, 2021",199051827,495784922,1032483289
Toy Story 1,2007,Lee Unkrich,"Apr 12, 2024",198019656,722251478,1353727775
Black Panther 3,1998,Ryan Coogler,"Mar 28, 2002",197379598,481354959,2007079546
Inception 1,2008,Christopher Nolan,"Jan 27, 2020",196493760,206676161,635717679
Joker 1,2003,Todd Phillips,"May 05, 2019",196237070,449509943,2041890172
Titanic 2,2015,James Cameron,"Feb 05, 2015",196156662,234886636,961893091
Black Panther 4,1995,Ryan Coogler,"Aug 22, 2000",196031613,735399745,753495520
Avengers 2,2013, Joe Russo,"Sep 28, 2027",195744239,483162265,1793283571
Avengers: Endgame,2007,Joss Whedon,"Apr 02, 2015",195288156,636713475,1988726396
The Dark Knight 1,2007,Christopher Nolan,"Dec 21, 2021",195015189,509896306,1553055390
Black Panther 1,2015,Ryan Coogler,"Aug 11, 2001",194690078,538600760,1044773151
Frozen 3,2022,Chris Buck,"Dec 08, 2013",194537580,232393093,503404050
Toy Story 2,2003,Ash Brannon,"Feb 28, 2020",194326527,283546675,715910252
The Dark Knight 3,2006,Christopher Nolan,"Mar 22, 2013",194201142,349594364,1485223743
Joker 2,1998,Todd Phillips,"Jun 19, 2000",193997741,716161836,1767501453
Interstellar 4,2023,Christopher Nolan,"Jul 29, 2014",193054444,598974159,2314095096
Frozen 1,2000,Jennifer Lee,"Mar 02, 2008",192806477,398875820,511728074
Avatar 4,1998,James Cameron,"May 09, 2017",192601229,534043881,1560830930
Toy Story 1,2013,Lee Unkrich,"Oct 16, 2015",192424167,565871564,1441588847
Avengers 3,2024,Joss Whedon,"Apr 12, 2019",192107605,134903538,365931527
Avengers: Endgame,2002,Joss Whedon,"Mar 02, 2018",192058840,225888911,257978534
Black Panther 2,2003,Ryan Coogler,"Apr 21, 2025",191914120,224307548,1927106469
Frozen 4,2022,Chris Buck,"Jul 06, 1998",191666722,398740188,1860364678
The Dark Knight 2,2023,Christopher Nolan,"May 17, 2020",191348529,510092483,2371291625
Frozen 3,2008,Chris Buck,"Jun 11, 2022",190743128,346655661,940020649
Toy Story 4,2012,John Lasseter,"Apr 08, 2004",190358090,673844098,971463227
Joker 3,2002,Todd Phillips,"Sep 11, 2015",189473896,552737857,966878545
Frozen 3,2022,Chris Buck,"Apr 02, 1996",189209314,619319261,1565138167
Titanic 2,2009,James Cameron,"Oct 14, 2007",189157872,466755398,1053811130
Interstellar 2,2019,Christopher Nolan,"Apr 04, 2020",188939363,261382140,1818142379
Joker 2,2006,Todd Phillips,"Mar 30, 2025",188600374,336858261,607490069
Inception 1,2006,Christopher Nolan,"Mar 29, 2012",188227995,307751931,1967317039
Frozen 2,2020,Jennifer Lee,"Jan 13, 2015",188152543,93392503,740919503
The Dark Knight 2,2017,Christopher Nolan,"Jul 08, 2021",187746747,385394677,1422760988
Avengers 1,2003,Anthony Russo,"May 31, 2026",187626184,869256943,1605277060
Avengers 1,2001,Anthony Russo,"Mar 14, 2026",187435771,760878470,2494384845
The Dark Knight 2,2021,Christopher Nolan,"Jun 18, 2019",187205535,452516413,1019539076
Avatar 1,2005,James Cameron,"Jun 20, 2005",186556230,703425145,1994768246
Inception 1,1995,Christopher Nolan,"Jun 22, 1995",185834809,317214660,1457779914
Avatar 2,2009,James Cameron,"Aug 18, 2004",185171697,663798042,2086644977
Toy Story 1,2019,Lee Unkrich,"May 20, 2006",185094273,689706201,2632213461
Toy Story 3,2003,Josh Cooley,"Nov 24, 1996",184429264,837473339,1187137590
Titanic 2,2004,James Cameron,"Nov 21, 2010",183534433,721072847,2169298660
Joker 1,2007,Todd Phillips,"Sep 02, 2001",183058147,668528186,2096803522
Titanic 3,2004,James Cameron,"Feb 22, 2022",182563393,595712034,1432686689
Joker 4,2023,Todd Phillips,"Sep 30, 1998",182507912,241529557,603371988
Inception 3,2021,Christopher Nolan,"Sep 03, 2012",182022662,390965075,472854836
Frozen 4,2022,Chris Buck,"Mar 20, 2005",180863875,532972087,1178875334
Inception 3,2023,Christopher Nolan,"Jun 01, 2002",180390285,370085296,1837353420
Black Panther 1,2020,Ryan Coogler,"Feb 21, 2027",180385373,242280760,1222176553
Frozen 2,2000,Jennifer Lee,"Jan 30, 2018",179489282,324446353,1464064495
Inception 1,2017,Christopher Nolan,"Sep 20, 2000",178405289,485750007,2389239688
Avatar 4,2021,James Cameron,"Oct 15, 2021",177248591,423854354,1273780077
Toy Story 1,2015,Lee Unkrich,"May 22, 2001",177130914,860277569,1386214646
Titanic 1,2021,James Cameron,"Dec 07, 2010",176962999,626363987,2175024203
Joker 3,1996,Todd Phillips,"Apr 10, 2004",176907840,310026083,1228540119
Titanic 2,2016,James Cameron,"Oct 09, 1998",176458130,370045605,1980702827
Avengers 3,2006,Joss Whedon,"Oct 13, 2006",174712432,385688038,2172027614
The Dark Knight 1,2005,Christopher Nolan,"Jun 21, 2007",174428779,85550385,1339190843
The Dark Knight 2,2017,Christopher Nolan,"Apr 30, 2026",174164269,222247620,548885400
Interstellar 4,2000,Christopher Nolan,"Sep 06, 2003",173818114,610808775,863182494
Inception 2,2013,Christopher Nolan,"Sep 02, 2006",173016934,543710052,2176914043
The Dark Knight 1,2012,Christopher Nolan,"Mar 22, 2026",172685759,352402769,569406589
The Dark Knight 2,2005,Christopher Nolan,"Oct 22, 2025",172674743,200741415,1832372444
Interstellar 4,2007,Christopher Nolan,"Sep 20, 1997",171970542,578635197,704915355
Black Panther 1,2014,Ryan Coogler,"Jun 14, 2020",171253072,335083179,2033979212
The Dark Knight 1,2017,Christopher Nolan,"Aug 11, 2017",171095639,282291817,312646620
Titanic 4,2014,James Cameron,"May 02, 2013",170519115,883549250,1664590781
Interstellar 1,2021,Christopher Nolan,"Jan 08, 2001",170411804,65430570,1239759200
Interstellar 2,2006,Christopher Nolan,"Aug 08, 2016",170291324,555593441,2347053294
Joker 4,2020,Todd Phillips,"Jan 12, 1998",170202677,573275019,1595683646
Avengers: Endgame,2024,Joss Whedon,"Sep 02, 2019",169659293,764816632,1592874297
Avengers: Endgame,2020,Joss Whedon,"Feb 23, 2019",169414608,722116818,2656302457
Black Panther 2,2016,Ryan Coogler,"Feb 29, 1996",169375233,83427312,1900818350
Frozen 3,2021,Chris Buck,"Jul 01, 2023",168994177,286106190,1031292365
Avatar 4,1999,James Cameron,"Nov 20, 2021",168584311,161692025,239862798
Avatar 3,1995,James Cameron,"Jun 18, 2018",168155166,846130691,2185781103
The Dark Knight 1,2014,Christopher Nolan,"Jun 21, 2009",168090722,672916242,785504991
The Dark Knight 2,2004,Christopher Nolan,"Mar 01, 2021",167194260,448859277,778549249
The Dark Knight 3,2015,Christopher Nolan,"Oct 30, 2020",166442771,435342896,1402259646
The Dark Knight 1,2024,Christopher Nolan,"Jun 25, 2020",166000707,260744773,415139858
Joker 1,2005,Todd Phillips,"Dec 16, 2009",165407442,383837723,2186997542
Interstellar 1,1998,Christopher Nolan,"Feb 23, 2023",165404179,359093244,780551823
Joker 1,2009,Todd Phillips,"Mar 21, 2013",165384966,784949991,1767095000
Inception 2,2004,Christopher Nolan,"Jul 25, 2017",165206953,374823393,1325601900
Inception 4,2023,Christopher Nolan,"May 13, 2026",164820606,769888916,1195186312
Joker 3,2005,Todd Phillips,"Oct 12, 2022",164813344,448061220,1291703338
Interstellar 4,2017,Christopher Nolan,"Dec 30, 2012",164632900,150276734,1922439214
Black Panther 1,2014,Ryan Coogler,"Oct 23, 2010",164427778,300740765,2111027989
Interstellar 4,2006,Christopher Nolan,"Sep 09, 2003",164145366,765745654,875176456
Black Panther 1,2023,Ryan Coogler,"Dec 22, 1997",163974056,135107035,179834720
Toy Story 4,2013,John Lasseter,"Feb 28, 2003",163500704,817375884,2164318711
Joker 4,2022,Todd Phillips,"Jan 17, 1996",162740542,621459059,1390651818
Toy Story 4,2018,John Lasseter,"Jun 13, 2026",162385424,866928964,2008359299
Frozen 2,2011,Jennifer Lee,"Mar 31, 2025",161942833,769532144,1035450893
Titanic 2,2000,James Cameron,"Aug 29, 2004",161860238,554908877,701561779
Frozen 4,2023,Chris Buck,"Oct 10, 2003",160986240,177259919,1531196067
Interstellar 3,2008,Christopher Nolan,"Jul 29, 1996",160928725,108551458,893058415
Avatar 3,2000,James Cameron,"Nov 09, 1998",160922458,96955390,735214251
Inception 4,1999,Christopher Nolan,"May 23, 2004",160058870,655462503,2078728967
Toy Story 4,2024,John Lasseter,"Sep 19, 2023",159575649,376283105,1134413214
Black Panther 2,2015,Ryan Coogler,"Aug 13, 1999",159468928,669557884,2060938861
Interstellar 3,2023,Christopher Nolan,"Apr 28, 2024",159444283,500992875,2475213867
Avatar 2,2004,James Cameron,"Mar 15, 1998",159034539,114382770,1861737330
Frozen 4,2009,Chris Buck,"Jan 18, 2009",158567110,850580086,1967258357
Inception 3,2016,Christopher Nolan,"Mar 15, 2003",156769708,343489540,1415330589
Avatar 1,2000,James Cameron,"Mar 21, 2013",156351256,696089883,796531104
Interstellar 1,2006,Christopher Nolan,"Jun 14, 2010",156269189,557271776,1742913709
Inception 1,2007,Christopher Nolan,"Dec 20, 2009",156212869,312094938,1345486804
Frozen 4,2022,Chris Buck,"Apr 21, 2007",156140712,174651793,1111033883
Black Panther 2,2007,Ryan Coogler,"Feb 25, 2004",155280695,162312277,795690894
Black Panther 4,2011,Ryan Coogler,"Jul 04, 1995",155259212,649698126,1450251272
Inception 3,2013,Christopher Nolan,"Jun 17, 2011",154164822,178616536,370471998
Avengers: Endgame,1998,Joss Whedon,"Dec 10, 2020",153905265,337320959,898292665
Avatar 2,2024,James Cameron,"Sep 23, 2007",153820971,259611167,622273848
Titanic 3,2013,James Cameron,"Oct 06, 2014",153671262,575566633,2460655791
Avatar 3,2013,James Cameron,"Apr 08, 2002",153180048,654249460,2178327420
Black Panther 2,1997,Ryan Coogler,"Sep 08, 2007",152912008,679895560,1878006458
Joker 1,1997,Todd Phillips,"Oct 05, 2014",152409945,228569788,1900745147
Black Panther 1,2015,Ryan Coogler,"Jun 03, 2024",152082924,214055080,392089364
Titanic 2,2009,James Cameron,"May 07, 2000",151550545,98322374,811249644
Interstellar 2,2006,Christopher Nolan,"Aug 28, 2002",151375338,583415219,2314017377
Avengers 3,2003,Joss Whedon,"Dec 12, 2016",151367992,103026746,1946601985
Titanic 2,1996,James Cameron,"Nov 19, 2005",151344953,675640322,1997811248
Black Panther 1,2006,Ryan Coogler,"Jun 26, 2023",151174615,690867740,1989249995
Joker 3,2012,Todd Phillips,"Jul 07, 2014",150849580,458458399,2019592608
Inception 2,2010,Christopher Nolan,"Oct 25, 2014",150547165,221812288,1990213157
Joker 3,2006,Todd Phillips,"Mar 10, 2020",150391844,846024528,2777053935
Frozen 3,2024,Chris Buck,"Mar 24, 2000",150167650,871176637,2243784876
Inception 1,2008,Christopher Nolan,"May 07, 2006",150104221,276423444,1418459083
Interstellar 1,2017,Christopher Nolan,"Apr 17, 2012",149706001,326833840,1417478365
Titanic 2,2003,James Cameron,"Sep 07, 2009",149119146,854068301,1915731673
The Dark Knight 1,2007,Christopher Nolan,"Feb 26, 2011",148802420,195522380,1626077656
Titanic 1,2008,James Cameron,"Mar 29, 2002",148789629,64767464,75782434
Joker 2,2024,Todd Phillips,"Aug 27, 2023",148500552,707798811,1448036875
Black Panther 4,2014,Ryan Coogler,"Oct 28, 1995",147468696,818392020,2389069173
Interstellar 4,1998,Christopher Nolan,"Sep 17, 1995",147278380,206045761,1025657494
Avatar 3,2021,James Cameron,"Jan 30, 2026",146654040,480484395,850088794
Frozen 2,2009,Jennifer Lee,"Jul 22, 2004",146588742,541932442,1524780198
Joker 2,2016,Todd Phillips,"Jan 19, 2018",146249774,154306584,516795347
Inception 2,2019,Christopher Nolan,"Mar 24, 1997",146167265,831459567,2148601340
Avengers: Endgame,2021,Joss Whedon,"Aug 08, 2001",145303786,170653685,1574698908
Avatar 1,2003,James Cameron,"Nov 29, 2022",144460721,185288480,1402603316
Black Panther 2,2014,Ryan Coogler,"Jan 11, 2001",144283881,714768635,813850239
Avengers 1,2016,Anthony Russo,"Jan 20, 2010",143109929,880271377,2641962603
Frozen 1,2019,Jennifer Lee,"Apr 24, 2004",142347260,190848269,617927417
Toy Story 3,1998,Josh Cooley,"Nov 19, 2020",142214315,359326375,2178321528
Frozen 1,2016,Jennifer Lee,"Jul 19, 2019",142110712,840613363,2549994599
Joker 2,1999,Todd Phillips,"May 02, 2016",141526182,783025150,2708213014
Inception 1,2010,Christopher Nolan,"Oct 14, 2013",141141218,667104098,1878242885
Inception 3,2024,Christopher Nolan,"Oct 27, 2013",141119894,513565034,2181647391
Inception 1,2012,Christopher Nolan,"Aug 13, 2023",140205781,709759715,2213401578
Inception 2,2018,Christopher Nolan,"Feb 14, 2002",139937381,218028254,1279874745
Interstellar 2,2011,Christopher Nolan,"Nov 03, 1998",139371017,528634625,1449934325
The Dark Knight 4,2021,Christopher Nolan,"May 31, 2014",139337790,249801098,1193272137
Frozen 4,1999,Chris Buck,"Jan 30, 2013",138828300,694013986,815538851
Avatar 1,2014,James Cameron,"Oct 03, 2026",138607863,788546096,1739863693
Titanic 2,2003,James Cameron,"Jun 29, 2024",137768760,547687958,1334282743
Inception 4,2002,Christopher Nolan,"Feb 21, 2006",136464861,333056903,2307948310
Interstellar 1,2017,Christopher Nolan,"Mar 02, 2017",134417098,314453328,542387726
Avatar 1,1997,James Cameron,"Jan 07, 2004",134269447,415437859,1768419300
Avengers 2,2020, Joe Russo,"Jun 19, 2004",133880511,439215491,1870907103
The Dark Knight 2,2021,Christopher Nolan,"Jan 14, 2006",133685016,400703229,1338807785
Inception 1,2001,Christopher Nolan,"Mar 29, 2026",133084401,583227180,1687598748
Inception 2,2003,Christopher Nolan,"Feb 09, 2004",132651343,623786336,1898686223
Inception 2,1998,Christopher Nolan,"Sep 22, 2014",132299916,899848473,1465521610
Frozen 4,2002,Chris Buck,"Oct 27, 2013",131588214,56329011,864197281
Toy Story 4,2017,John Lasseter,"Aug 30, 2012",131095278,668435428,2118728924
Avatar 2,2013,James Cameron,"Aug 16, 2012",130434287,592016584,1566497906
Frozen 4,2020,Chris Buck,"Dec 16, 2023",130156558,497740382,1246289580
Inception 4,2023,Christopher Nolan,"Apr 29, 2016",130076468,339740451,1432316481
Avengers 3,2021,Joss Whedon,"Jul 29, 1997",129438710,683201946,1523419116
Avatar 1,2004,James Cameron,"Feb 21, 1996",129400313,228978282,1983984334
Avengers 1,2009,Anthony Russo,"Aug 23, 2024",129202693,767374098,1305032820
Titanic 3,2015,James Cameron,"Dec 26, 2010",129017822,764002438,1164843218
Titanic 1,2020,James Cameron,"Feb 02, 2000",128516294,84638928,1307689842
Titanic 1,2005,James Cameron,"Sep 28, 2004",128162918,568757182,2293339917
Frozen 2,2008,Jennifer Lee,"Sep 28, 1999",128132395,801487932,2170562774
Toy Story 2,2014,Ash Brannon,"Feb 26, 2017",127252630,588935435,1403944693
Frozen 3,2004,Chris Buck,"Mar 18, 2019",126255216,433426064,1490637647
Joker 2,2017,Todd Phillips,"Nov 01, 2026",125850681,699128926,2110398359
Joker 4,2017,Todd Phillips,"Sep 04, 2025",125362103,298844572,404866243
Frozen 2,2002,Jennifer Lee,"Aug 19, 2008",124973743,629835157,1126427690
Frozen 4,2023,Chris Buck,"Jun 30, 2024",124789933,873782411,1831946540
Avengers: Endgame,2005,Joss Whedon,"Aug 01, 2019",124555769,820724829,1947224949
Avatar 2,2003,James Cameron,"Oct 19, 1997",124410590,498437082,1748207289
Avatar 2,2019,James Cameron,"Aug 14, 2026",124208772,427214512,1994627359
Toy Story 4,2005,John Lasseter,"Jun 13, 2013",124103184,626875412,1346452542
Toy Story 2,2012,Ash Brannon,"Dec 18, 1997",124010877,864521719,1364402450
Frozen 3,2008,Chris Buck,"Mar 11, 2024",123827837,681623580,1434905658
Avengers 1,2001,Anthony Russo,"Jan 30, 2005",122944661,312594580,1695648272
Toy Story 2,2000,Ash Brannon,"Mar 25, 2015",122850150,449838459,2214953442
Frozen 2,1998,Jennifer Lee,"Oct 04, 2014",121920274,447435155,888128656
Frozen 2,1997,Jennifer Lee,"Aug 30, 2011",121466848,95189446,1516403079
Toy Story 1,2015,Lee Unkrich,"Jun 10, 2017",120412513,59886303,847089420
Avengers 1,2022,Anthony Russo,"Mar 10, 2001",119498258,308211242,344024418
Avatar 4,2016,James Cameron,"Oct 16, 2026",118195805,654379747,766174058
Toy Story 4,2008,John Lasseter,"Nov 25, 2013",117953319,806638677,2008224641
Titanic 4,2006,James Cameron,"Nov 19, 2013",117859691,616798318,1223663479
Interstellar 4,2005,Christopher Nolan,"Jul 28, 2018",117352897,691889975,1210099000
The Dark Knight 3,1996,Christopher Nolan,"Nov 09, 2003",116881829,701742217,1767736407
The Dark Knight 2,1998,Christopher Nolan,"Mar 17, 2023",116585451,397191093,480613383
Inception 3,2000,Christopher Nolan,"Jun 14, 1996",114604283,259125640,2060424921
Interstellar 2,2016,Christopher Nolan,"Apr 10, 2002",114231207,850345139,1430862733
The Dark Knight 3,2020,Christopher Nolan,"Nov 05, 2003",114130740,343398844,1418312211
Joker 4,2000,Todd Phillips,"Jun 07, 2027",113363577,61246467,577835362
Avengers 2,2023, Joe Russo,"Jan 14, 2027",112241293,820539095,1751399749
Frozen 4,2015,Chris Buck,"Nov 25, 2024",112223167,322964104,1145851628
Titanic 4,2003,James Cameron,"Sep 30, 1998",111176704,475746725,753514140
The Dark Knight 1,2011,Christopher Nolan,"Mar 03, 2016",110892235,662159177,2456573877
Avengers 2,2012, Joe Russo,"Oct 20, 2016",110547599,178912442,709539071
Interstellar 2,2011,Christopher Nolan,"Aug 23, 2011",110331183,541941748,2310077557
Avengers 3,1996,Joss Whedon,"Jan 12, 2017",110231164,545404086,1045802274
The Dark Knight 4,2021,Christopher Nolan,"Apr 13, 2020",109801596,351305067,1420648661
Avengers 2,2001, Joe Russo,"Oct 31, 1998",109322961,567158377,960829156
Frozen 1,2001,Jennifer Lee,"Apr 26, 2027",108750470,168840117,1517563944
Toy Story 3,2017,Josh Cooley,"May 13, 2019",108162681,670271494,2594868938
Titanic 3,2017,James Cameron,"Nov 09, 2005",107880387,258324536,1612778410
Black Panther 1,2009,Ryan Coogler,"Aug 19, 2009",107841969,687886585,2137501046
Joker 4,2001,Todd Phillips,"Aug 31, 2009",107649843,831464598,1143980214
Inception 4,2007,Christopher Nolan,"Jul 05, 2005",107290686,52242558,1603275284
Frozen 1,2020,Jennifer Lee,"Jul 19, 2014",106457931,509420000,1499636332
Frozen 4,2009,Chris Buck,"Oct 27, 2001",105767381,467915836,1546273943
The Dark Knight 3,2011,Christopher Nolan,"Jan 29, 2013",105627560,75906655,222994420
Avengers: Endgame,2002,Joss Whedon,"Apr 24, 2004",105480519,495981508,838774489
Avatar 2,1995,James Cameron,"Jan 31, 2016",105080033,602645774,1850453108
Toy Story 2,2017,Ash Brannon,"May 21, 1995",104928875,625460394,1180406403
The Dark Knight 3,2022,Christopher Nolan,"Oct 16, 2000",104441498,792206810,2451529424
Joker 4,2018,Todd Phillips,"Dec 16, 2024",104014959,727585223,1750451634
Toy Story 3,2003,Josh Cooley,"Nov 23, 2021",102408241,147023749,671675604
Avengers 3,1996,Joss Whedon,"Aug 22, 2009",102215321,333878779,960625109
Avengers: Endgame,1996,Joss Whedon,"Jan 31, 2011",102094273,546646640,2468279774
Joker 3,2007,Todd Phillips,"May 26, 2016",101999986,885434093,1965303818
Inception 3,2004,Christopher Nolan,"Mar 10, 2026",101338995,367113227,1770064149
Inception 2,2001,Christopher Nolan,"Aug 05, 2008",100231563,153958207,483119419
Toy Story 3,2016,Josh Cooley,"Jun 07, 2004",100206583,351145720,1633191293
Inception 2,1998,Christopher Nolan,"Jul 01, 1999",99691446,323963264,1717916368
Black Panther 4,2003,Ryan Coogler,"Jun 11, 2003",99536976,743834371,1287462940
Interstellar 4,2006,Christopher Nolan,"Oct 01, 2005",99415707,212620583,1441662219
Avengers 3,2020,Joss Whedon,"Oct 25, 2008",99247551,215304714,823922364
Joker 3,1998,Todd Phillips,"Jan 15, 2006",97929340,765635050,2540195680
Avengers 3,2022,Joss Whedon,"Jun 03, 2012",97687004,360085351,1476644773
Joker 4,2024,Todd Phillips,"Sep 08, 2004",96954231,600830908,1144021181
Frozen 1,2024,Jennifer Lee,"Jul 04, 2012",96930046,669528507,1091486951
Titanic 2,2019,James Cameron,"Dec 19, 2020",96354498,816422252,1406314822
Toy Story 1,2009,Lee Unkrich,"Sep 07, 2017",95522487,645382346,664507826
Frozen 3,2002,Chris Buck,"Jun 03, 2008",95507429,500527075,1604317857
Avatar 1,1996,James Cameron,"Oct 01, 2024",94920743,515696522,1692704694
Avengers 2,2006, Joe Russo,"Jan 21, 2024",94270620,863799615,2262968266
Toy Story 1,2007,Lee Unkrich,"Jun 04, 2008",93175465,549653527,1433269388
Frozen 2,2001,Jennifer Lee,"Oct 17, 2025",92877951,766722337,1554097542
The Dark Knight 4,2000,Christopher Nolan,"Dec 22, 2005",92794135,105461893,1680403439
The Dark Knight 4,2004,Christopher Nolan,"Jun 09, 2022",92626964,468243114,1717285846
Titanic 1,2016,James Cameron,"Aug 31, 2019",92546054,547573185,1126423365
Interstellar 4,2009,Christopher Nolan,"Jan 15, 2006",92531204,178523672,1380952819
Avengers 1,2024,Anthony Russo,"May 25, 2018",92298478,687162835,2171636774
Avatar 4,2018,James Cameron,"Dec 11, 2007",92281687,252960754,598089074
Interstellar 3,2012,Christopher Nolan,"Sep 26, 2005",91285552,108863532,663448677
Inception 4,2011,Christopher Nolan,"Aug 01, 1998",91259713,428066865,1765699242
The Dark Knight 1,2018,Christopher Nolan,"Sep 11, 2023",90781933,91076894,1829472907
Toy Story 2,2012,Ash Brannon,"Jun 08, 2023",90573915,354151422,1511719652
Inception 2,1995,Christopher Nolan,"Nov 06, 2015",90435685,268059585,829400501
Interstellar 1,2003,Christopher Nolan,"Jul 27, 2014",90157892,646417794,2514106445
Toy Story 4,2019,John Lasseter,"Aug 18, 2006",89824473,871837594,1021526366
Titanic 1,2010,James Cameron,"Dec 21, 2021",89664415,782674984,1812548277
Avengers 2,2001, Joe Russo,"Dec 25, 2015",89474049,114795278,1540838039
Interstellar 2,2001,Christopher Nolan,"Nov 17, 2021",89207369,782525167,2109235806
Avengers 1,2001,Anthony Russo,"Jan 05, 1998",88487642,427535345,833928432
Joker 4,1996,Todd Phillips,"Feb 16, 2023",87869043,806542153,1341872972
Avengers 1,2021,Anthony Russo,"May 01, 2027",87550120,551165081,825860096
Avengers: Endgame,2006,Joss Whedon,"Jun 17, 2000",86521896,879851716,962308017
Frozen 2,2021,Jennifer Lee,"Aug 07, 1998",85244303,170074086,2157321887
Avengers 3,2019,Joss Whedon,"Feb 16, 2021",85082082,816671601,1750384918
Inception 3,2013,Christopher Nolan,"Jan 26, 2010",84947036,807449504,1947324562
Joker 1,2010,Todd Phillips,"Jan 28, 2027",84823735,508609982,2030418166
Interstellar 4,2003,Christopher Nolan,"May 30, 2023",84808849,100259109,1964286663
Titanic 3,2004,James Cameron,"Dec 23, 2009",84458244,833403702,954674693
The Dark Knight 3,2020,Christopher Nolan,"Nov 11, 2001",83605653,318996724,2245561421
Inception 4,1996,Christopher Nolan,"Mar 24, 2023",83595765,807638302,2523883788
Frozen 2,2016,Jennifer Lee,"Apr 05, 1995",83563426,409634730,512721425
Joker 2,2006,Todd Phillips,"Jan 28, 2010",83099489,785863292,1465019091
Black Panther 1,2024,Ryan Coogler,"Apr 03, 2003",82692744,487866802,766403476
Titanic 1,2009,James Cameron,"Nov 06, 2014",82608631,209608737,1895147484
Inception 4,2019,Christopher Nolan,"Jan 18, 1999",82436125,612381235,1815578163
Avengers 1,2018,Anthony Russo,"Nov 14, 2010",81936043,508951735,1361882661
Joker 1,2020,Todd Phillips,"Jul 06, 2004",81756972,350141016,1230030887
Joker 3,2008,Todd Phillips,"Feb 16, 1997",81186696,184453332,364041014
Titanic 4,2011,James Cameron,"Mar 31, 2017",80548319,755367022,1136317635
Interstellar 4,2007,Christopher Nolan,"Apr 15, 2023",80508888,145110528,867649901
Black Panther 2,1996,Ryan Coogler,"Apr 04, 2021",80364713,441506456,2336526137
The Dark Knight 3,1997,Christopher Nolan,"Aug 20, 2023",80181234,457394365,1496416527
Interstellar 1,2004,Christopher Nolan,"Aug 07, 2009",79844621,309258584,1789701979
Interstellar 3,2021,Christopher Nolan,"Jan 12, 1999",79572859,122921020,1275876015
Inception 3,2014,Christopher Nolan,"Oct 16, 2013",79410203,623580820,1281166543
The Dark Knight 1,2020,Christopher Nolan,"Feb 24, 2005",78659987,198375297,1234263209
Black Panther 3,2013,Ryan Coogler,"Sep 25, 2008",78387141,580520099,1415138162
Frozen 1,2020,Jennifer Lee,"Jun 19, 2007",74850158,744866697,1965356208
Avengers: Endgame,2009,Joss Whedon,"Aug 26, 2014",74268373,511025488,1486436529
Avatar 3,1996,James Cameron,"May 13, 2023",72846096,511778931,927086096
Black Panther 1,2003,Ryan Coogler,"Jun 05, 2004",72553998,286011980,1480254167
Frozen 2,2019,Jennifer Lee,"Jun 10, 2019",72498219,215796240,1550969537
Titanic 3,2007,James Cameron,"Aug 22, 2026",70938768,449460499,825000907
Avatar 2,2000,James Cameron,"Sep 19, 2015",70678628,127952184,748774493
Toy Story 1,2020,Lee Unkrich,"May 16, 2023",70474210,735319401,910239187
Black Panther 2,2010,Ryan Coogler,"Apr 16, 2021",70182728,327651645,660602526
Titanic 4,2011,James Cameron,"Nov 07, 1996",70139139,608596307,951920786
Titanic 4,2002,James Cameron,"Apr 29, 2001",70057411,298485226,1540532026
The Dark Knight 4,2011,Christopher Nolan,"Apr 26, 2006",69883233,319703355,628400203
Titanic 3,2009,James Cameron,"May 13, 1996",68822570,299843762,1434782343
Titanic 1,2007,James Cameron,"Apr 23, 2000",68548164,845595422,1442415528
Titanic 1,2012,James Cameron,"Jun 16, 2024",67245943,123585983,1996537487
Toy Story 1,2002,Lee Unkrich,"Jan 26, 1997",66861037,311515800,1480082735
Titanic 3,2014,James Cameron,"Sep 30, 2016",66439837,460640050,1631536186
Avatar 2,2016,James Cameron,"Jul 06, 2018",66374778,70046141,1442019236
Joker 2,2010,Todd Phillips,"Jun 05, 2026",66038347,439156354,715922308
Titanic 4,2002,James Cameron,"Mar 03, 2023",64733139,611919851,2125056142
Avatar 1,2024,James Cameron,"Oct 05, 2013",64639752,207629240,436414876
Titanic 1,2024,James Cameron,"Jun 08, 2002",64558190,376076035,648368017
The Dark Knight 3,1998,Christopher Nolan,"Jan 06, 2006",64334322,847371634,2582415109
Frozen 3,1995,Chris Buck,"Jan 19, 1996",63648002,616133194,1668084151
Black Panther 2,2007,Ryan Coogler,"Sep 06, 2008",63280400,763079981,2755259311
Frozen 2,2024,Jennifer Lee,"Nov 30, 2017",63258730,589680391,1766104017
Toy Story 2,2003,Ash Brannon,"Mar 17, 2017",62712786,555812758,685903560
Frozen 4,2014,Chris Buck,"Jan 09, 1995",62708034,370764282,729553714
Titanic 2,2013,James Cameron,"Aug 02, 2003",62290929,639785436,1734685330
The Dark Knight 4,1997,Christopher Nolan,"Nov 15, 1997",61686893,361515755,1132461615
Inception 3,1998,Christopher Nolan,"Apr 28, 2018",61199870,272229379,854026866
Inception 4,2022,Christopher Nolan,"Sep 10, 1995",61003814,507635190,661475590
Frozen 4,2014,Chris Buck,"Dec 17, 2008",60807051,840759382,954330374
Avatar 2,1998,James Cameron,"Apr 14, 2013",60426857,313845792,507031124
Frozen 2,2013,Jennifer Lee,"Dec 26, 2012",60422917,105615847,636181038
Titanic 1,2011,James Cameron,"Nov 12, 2009",60355825,654453977,2469061554
Titanic 1,2024,James Cameron,"Nov 30, 2010",59697202,202210392,1906255925
Joker 1,2021,Todd Phillips,"Jun 26, 2003",59508360,440837778,1919635784
Toy Story 1,2004,Lee Unkrich,"Apr 02, 2004",58669473,562570518,1011484106
Frozen 3,1996,Chris Buck,"Apr 11, 2008",58545122,867200978,1733257769
Inception 1,2018,Christopher Nolan,"Oct 02, 1997",57815995,73712591,746220772
The Dark Knight 3,2023,Christopher Nolan,"Nov 29, 2006",57608348,736276546,755184063
Toy Story 2,1999,Ash Brannon,"Sep 07, 2014",56268803,310172046,2257068926
Frozen 1,2010,Jennifer Lee,"Apr 04, 2021",56266290,393207606,941020609
Toy Story 1,2014,Lee Unkrich,"Apr 28, 1997",56017897,772554643,994456728
Interstellar 4,2008,Christopher Nolan,"Apr 09, 2010",55131167,413858951,855634003
The Dark Knight 1,2011,Christopher Nolan,"May 04, 2005",54544583,288944721,1383901350
Joker 1,1997,Todd Phillips,"Oct 23, 1997",54354099,367137164,1871395765
Inception 2,2009,Christopher Nolan,"Aug 31, 2015",54204034,374206308,1546050998
The Dark Knight 4,2016,Christopher Nolan,"Nov 04, 2001",53977346,299516730,2040623532
Black Panther 1,2020,Ryan Coogler,"Dec 10, 1995",53328570,434837792,1101571876
Joker 2,2000,Todd Phillips,"Apr 20, 2019",53155951,835229362,2294411987
The Dark Knight 3,2006,Christopher Nolan,"Mar 13, 2012",52735205,594178100,2237191707
The Dark Knight 2,2005,Christopher Nolan,"Feb 23, 2001",52020242,406717140,1302316718
Frozen 1,2009,Jennifer Lee,"Sep 20, 2019",50782223,115955094,834084039
Frozen 4,2017,Chris Buck,"Jan 16, 2005",49563453,730898372,2298832635
Joker 1,2021,Todd Phillips,"Feb 25, 2007",49368699,264771472,1064139616
Avatar 1,2021,James Cameron,"Jun 09, 2022",49353404,313935915,1868227413
Avatar 3,2003,James Cameron,"Dec 24, 2005",49304329,219066192,1528602640
Titanic 2,2022,James Cameron,"Dec 03, 2024",48785809,242723306,1349673088
Frozen 1,2020,Jennifer Lee,"May 22, 2015",48547416,875334817,2730512256
Inception 4,2017,Christopher Nolan,"Mar 16, 2021",48531476,640781979,2041731359
Black Panther 2,2002,Ryan Coogler,"Jan 12, 2008",48515440,578727323,1021079297
Avatar 1,2024,James Cameron,"Feb 21, 2015",47990371,403732836,1546765556
Frozen 4,2023,Chris Buck,"Mar 18, 2027",47805379,619715486,2067705098
Toy Story 1,2014,Lee Unkrich,"May 18, 2012",47785764,381899232,1367445468
The Dark Knight 3,2024,Christopher Nolan,"Jul 15, 2023",47729830,73756876,1762782240
Interstellar 1,2008,Christopher Nolan,"Mar 01, 2010",47725546,279473506,1861632628
Avengers 1,2004,Anthony Russo,"Jan 30, 2023",47449766,413155388,881102528
Interstellar 3,2012,Christopher Nolan,"May 16, 2002",47183082,126188831,1473381927
Inception 2,2018,Christopher Nolan,"Mar 31, 2020",46548729,555364572,1879161429
Avatar 3,2017,James Cameron,"May 21, 2024",46232167,869953893,933969699
Avengers: Endgame,2008,Joss Whedon,"Jun 02, 2026",46168145,87286389,897070492
Inception 4,2016,Christopher Nolan,"Dec 14, 2025",46050191,345356645,418619393
Avatar 1,2022,James Cameron,"Nov 07, 2003",45601209,855490349,2294523825
Avengers: Endgame,2019,Joss Whedon,"Sep 25, 2022",45297183,729148369,1994579319
Titanic 4,2012,James Cameron,"Jan 23, 2022",44540380,723563726,2641895076
Interstellar 3,2010,Christopher Nolan,"Jun 19, 2008",43733247,716349069,2614988079
Toy Story 3,2004,Josh Cooley,"May 01, 1999",43290332,328427140,660572923
Avatar 4,2015,James Cameron,"Feb 15, 2019",42995433,238034422,2056605828
Toy Story 2,2003,Ash Brannon,"Jul 11, 2003",42924097,812324479,1066335305
Avengers 2,2013, Joe Russo,"Feb 17, 2021",42830595,135797111,1812458357
Avengers 2,2016, Joe Russo,"Jan 26, 2020",42819889,182467393,1359210856
Interstellar 2,2019,Christopher Nolan,"Apr 09, 2011",42483334,462504737,1727251952
Inception 3,2019,Christopher Nolan,"Apr 20, 2013",41891948,351611513,1757764884
Avatar 1,2010,James Cameron,"Mar 02, 2022",41880699,317871067,2077631899
The Dark Knight 3,2002,Christopher Nolan,"Sep 06, 2025",41658383,117964070,1829937022
Black Panther 3,1997,Ryan Coogler,"Jun 08, 2021",41024015,398054337,469508831
Inception 2,2019,Christopher Nolan,"Sep 04, 2012",40377570,115404700,1438536096
Avengers 3,2019,Joss Whedon,"Feb 11, 2004",38917836,362137337,1630606700
Avatar 2,2011,James Cameron,"Feb 23, 2021",38107532,66792869,244059582
Interstellar 4,2009,Christopher Nolan,"Mar 19, 2011",38052020,674723537,771061996
The Dark Knight 3,2002,Christopher Nolan,"Jul 12, 2002",38023444,883063045,1843270576
Inception 1,1996,Christopher Nolan,"Oct 27, 2009",37956798,180652267,1286889934
Toy Story 2,2000,Ash Brannon,"May 10, 2017",37783626,288590761,1790551645
Titanic 4,2018,James Cameron,"Sep 12, 2010",37161089,370056796,721240329
The Dark Knight 1,2016,Christopher Nolan,"Nov 22, 2006",35095619,73538593,1474317889
Frozen 3,2016,Chris Buck,"Jun 10, 2027",34900277,544056407,1477620140
Titanic 4,2019,James Cameron,"Dec 02, 2018",34494031,746819330,1281047256
The Dark Knight 1,2001,Christopher Nolan,"Sep 23, 2003",34190732,467219336,655177277
Avatar 1,2024,James Cameron,"Aug 02, 2021",34141104,431791198,1260350694
Toy Story 2,2005,Ash Brannon,"Aug 17, 2003",32616271,300985631,426550403
Avatar 2,2017,James Cameron,"Jul 14, 2009",31978583,822028521,1667317220
Toy Story 1,1997,Lee Unkrich,"Dec 15, 2009",31131140,117376799,746695014
Toy Story 4,2008,John Lasseter,"Sep 19, 2016",30791307,121938529,422261704
Titanic 4,2021,James Cameron,"Dec 25, 1996",30722800,419101902,686570586
Avatar 3,2013,James Cameron,"Jul 12, 2018",30690941,748713282,2359257410
Titanic 2,2012,James Cameron,"Apr 06, 2018",30581121,72176757,632682432
Frozen 3,1996,Chris Buck,"Sep 15, 2018",30545426,358990057,1339649703
Inception 3,2018,Christopher Nolan,"Nov 04, 2011",30320024,119363032,1677704872
Titanic 3,2021,James Cameron,"Feb 19, 2006",29946194,491118103,1140554053
Frozen 1,2006,Jennifer Lee,"Jun 11, 2006",29808091,289088317,498564929
The Dark Knight 2,2022,Christopher Nolan,"Apr 29, 2025",28948251,380649641,912399432
Avatar 4,2011,James Cameron,"Aug 31, 2024",28072001,734838157,1895639967
Titanic 2,2021,James Cameron,"Mar 25, 2002",27514147,314947230,513056046
Joker 1,1995,Todd Phillips,"Feb 21, 1996",27307120,397733239,937567708
Toy Story 2,2003,Ash Brannon,"Feb 06, 1999",27150655,575900787,2047267412
Titanic 3,2024,James Cameron,"Aug 17, 2024",26280822,348074355,1952792751
Black Panther 4,1996,Ryan Coogler,"Nov 03, 2027",25684577,331524344,1834350061
Frozen 1,2004,Jennifer Lee,"Feb 02, 2006",25626511,490731957,1592628109
Avengers 3,2007,Joss Whedon,"May 24, 2014",23917028,73047188,1988883706
Titanic 2,2003,James Cameron,"Feb 28, 2017",23361747,537747073,2327247259
Frozen 1,2005,Jennifer Lee,"Dec 27, 2002",22859389,462816252,1583947375
Avengers 1,2021,Anthony Russo,"Nov 15, 2009",22831474,692430026,1149294209
Interstellar 3,2008,Christopher Nolan,"Oct 01, 2000",22566959,853684242,1484039120
Toy Story 4,1998,John Lasseter,"Jan 21, 1999",22463248,216690716,1933449378
Inception 2,2000,Christopher Nolan,"Apr 19, 2013",22153042,139477416,615263666
Frozen 2,2003,Jennifer Lee,"Jan 23, 1997",22068480,164486191,1765979424
Titanic 3,1996,James Cameron,"Jan 30, 2025",22002306,405759762,1845478797
Titanic 3,2003,James Cameron,"Sep 20, 2014",21956415,616429702,1461377219
The Dark Knight 4,2015,Christopher Nolan,"Aug 03, 1995",21311129,346887993,1410645144
The Dark Knight 2,2017,Christopher Nolan,"Jul 29, 2027",21300260,798304711,1869195388
Avengers 3,2008,Joss Whedon,"Sep 06, 2002",21290788,739003854,2097205324
Avengers 3,1997,Joss Whedon,"Dec 16, 2026",20015020,837001136,2803425594
Joker 4,2002,Todd Phillips,"Feb 13, 1997",19664611,227719241,641830223
Toy Story 4,2007,John Lasseter,"Jul 18, 2020",19599954,507307298,2396231261
Interstellar 2,2019,Christopher Nolan,"Sep 03, 2011",19485475,712518911,1055050027
Avengers: Endgame,2019,Joss Whedon,"Mar 13, 2014",19146722,862421657,1215260558
Toy Story 2,1999,Ash Brannon,"Dec 18, 2020",18487077,370611399,1065029640
Titanic 4,2002,James Cameron,"May 17, 2017",18273420,747376582,1045815231
Titanic 2,2015,James Cameron,"Feb 13, 2020",17611183,161879618,1278219457
Toy Story 4,2012,John Lasseter,"Sep 10, 2021",17189254,368586118,1429474706
Inception 2,2000,Christopher Nolan,"Feb 21, 2023",17153555,783446183,1040630162
Avatar 4,2013,James Cameron,"Feb 14, 2025",16968294,466491624,1906137978
Interstellar 3,2013,Christopher Nolan,"Jul 10, 1997",16644728,207929591,2121934491
Avatar 3,2017,James Cameron,"Sep 08, 2023",16291190,551701594,982861150
Avatar 1,1997,James Cameron,"Jun 04, 1995",15455909,355840194,1345896201
Toy Story 2,2017,Ash Brannon,"Oct 07, 1999",15111148,555126030,735971667
Avengers 1,2017,Anthony Russo,"May 15, 2013",14815795,335969419,1850249508
Avatar 4,2004,James Cameron,"Dec 05, 1999",14732574,898989474,1492648311
Interstellar 4,2011,Christopher Nolan,"Oct 21, 2009",14432646,872963362,2212639313
Titanic 3,2006,James Cameron,"Aug 18, 2027",14048121,855259827,2185664321
Avatar 4,1995,James Cameron,"Nov 10, 2017",13889124,498400054,2371610853
Frozen 4,2018,Chris Buck,"Jun 06, 2016",13870080,571206296,1714012097
Frozen 4,2005,Chris Buck,"Oct 25, 2014",12851392,733329634,2102890978
The Dark Knight 1,2010,Christopher Nolan,"Feb 11, 2002",12240547,432384492,1071696967
Inception 1,2024,Christopher Nolan,"Oct 02, 1997",11890671,573631288,719176285
Black Panther 2,1999,Ryan Coogler,"Jun 14, 2016",11767058,714993458,849823558
Toy Story 1,2011,Lee Unkrich,"Sep 01, 2007",11608486,110359342,179873753
Inception 1,2023,Christopher Nolan,"Mar 23, 1999",10912367,809618402,1214898036
Joker 2,1998,Todd Phillips,"May 23, 2006",10216252,621487615,2465818516
